timestamp,phase,subphase,status,action,notes,divergence
2026-04-19T00:00:00+00:00,0,3,completed,seed,"docs/ wiped and reinstated with ROADMAP, design/, guides/ skeletons.",
2026-04-19T00:00:00+00:00,0,,in-progress,seed,"Phase 0 active — P2P removal and tracker bootstrap.",
2026-04-19T00:00:00+00:00,1,,not-started,seed,"Centralized configuration & hardcode audit.",
2026-04-19T00:00:00+00:00,2,,not-started,seed,"Mock-data dev stack (Fake Internet).",
2026-04-19T00:00:00+00:00,3,,not-started,seed,"Swarm foundation: bus, registry, supervisor.",
2026-04-19T00:00:00+00:00,4,,not-started,seed,"Core worker agents: scrape → categorize → process → store.",
2026-04-19T00:00:00+00:00,5,,not-started,seed,"Predictor swarm & consensus.",
2026-04-19T00:00:00+00:00,6,,not-started,seed,"Proofreader & drift agents.",
2026-04-19T00:00:00+00:00,7,,not-started,seed,"Defense agents: malicious-input, anomaly, rate limit.",
2026-04-19T00:00:00+00:00,8,,not-started,seed,"Self-maintenance: schema healer, autoscaler, optional coder.",
2026-04-19T00:00:00+00:00,9,,not-started,seed,"Go REST API & identity (public surface).",
2026-04-19T00:00:00+00:00,10,,not-started,seed,"Turkish-first NLP layer.",
2026-04-19T00:00:00+00:00,11,,not-started,seed,"GPU/CPU/NPU compute strategy.",
2026-04-19T00:00:00+00:00,12,,not-started,seed,"Adversarial & chaos test suite.",
2026-04-19T00:00:00+00:00,13,,not-started,seed,"Multi-league expansion.",
2026-04-19T00:00:00+00:00,14,,not-started,seed,"Cloud-ready packaging (Docker → K8s → CSP-agnostic).",
2026-04-19T00:00:00+00:00,15,,not-started,seed,"Frontend handoff (Flutter, future)."
2026-04-19T09:39:18+00:00,0,1,completed,note,"Deleted p2p/ tree; cleaned docker-compose, Makefile, .env.example of P2P_* knobs and targets",
2026-04-19T09:39:18+00:00,0,2,completed,note,"Stripped P2P/ensemble from training_pipeline, training_artifacts, training_report, state_machine, common/config (ensemble_acc->holdout_acc alias), common/defaults.yaml, test_full_pipeline, test_config_sync, test_unit (8 P2P test classes), data_showcase banner, CI workflow",
2026-04-19T09:39:18+00:00,0,4,blocked,block,test_unit::TestIncrementalRetrain still OOMs make test-ai; deferred to separate Phase 0.4 fix,
2026-04-19T09:39:18+00:00,0,,completed,complete,P2P removal landed; phase tracker bootstrapped; ROADMAP Phase 0.3 ticked off,
2026-04-19T09:47:46+00:00,0,4,completed,note,"test_config_sync.py 8/8 green: removed orphan NEGELIR_DEFAULT_LEAGUE_NAME from .env.example, added NEGELIR_THRESHOLD_HOLDOUT_ACC, dropped legacy ENSEMBLE_ACC alias from config.py",
2026-04-19T09:47:46+00:00,0,,completed,note,Phase 0 revision: ticked roadmap 0.1/0.2 checkboxes; added AGENTS.md (tracker discipline + doctrine for AI assistants),
2026-04-19T10:15:04+00:00,0,4,completed,complete,TestIncrementalRetrain fixed via patched get_xgb_params (n_estimators=20); 355/355 ai tests green; Makefile P2P-free; go test ./... clean,
2026-04-19T10:15:04+00:00,0,,completed,complete,Phase 0 fully complete: all 0.1/0.2/0.3/0.4 checkboxes green,
2026-04-19T10:20:16+00:00,0,,adapted,adapt,"Multi-league reframing: removed 354-line stale P2P duplicate from README.md; reframed README + ai/docs/README.md as multi-league football (TR Süper Lig as seeded default, per LeagueConfig); reworded Phase 13 in ROADMAP as preset-expansion (architecture is league-agnostic from Phase 4); cleaned league-incorrect docstrings in config.py / real_data.py / real_features.py / mackolik.py; 354/354 ai tests still green",
2026-04-19T10:36:12+00:00,0,5,adapted,note,betting_markets.json catalogue audit: reframed _meta.source as bulletin-wide (not Süper-Lig-only); fixed duplicate short_codes (IYKG→IYSKG/IYSAU15; KCK→KCKART for cards); normalised draw label '0'→'X' in combined markets; standardised iy_2y_kg Var/Yok labels; demoted 'wins both halves' to available_all_matches:false; added 26 missing markets across new Asian + Specials categories and player markets (cards/assists/2+goals/first/last scorer); corrected total_market_types 72→98; added _meta.notes + summary.changelog. JSON validates; 354/354 ai tests still green.,Phase 0.5 added retroactively to capture stale single-league artifacts surfaced after the multi-league reframing.
2026-04-19T10:42:35+00:00,0,5,adapted,note,"Added human-only Makefile targets git-commit (add -A + commit NOTE + push) and git-revert (reset --hard HEAD~1 + push --force, with REVERT confirmation prompt). Block comment + [HUMAN-ONLY] tag in help output marks both as forbidden for AI assistants per AGENTS.md operationalSafety.",
2026-04-19T10:47:16+00:00,0,5,adapted,note,"Reworked git helpers per spec: 'make git' / 'make git.revert' (dot-style names) now dispatch to scripts/git_helper.py (stdlib, cross-platform). Commit message is auto-built from phases.csv rows added since HEAD; if there are uncommitted changes but no new tracker rows, exits 2 with a friendly emoji-prefixed log directing the human to run 'make track-add' first. git.revert keeps the REVERT confirmation prompt. Help regex extended to accept '.' in target names.",
2026-04-19T10:55:13+00:00,0,5,adapted,note,"Restored git helpers after revert. New design per spec: only 'make git' (commit + push) and 'make git.dry' (preview, no side effects); git.revert removed entirely. scripts/git_helper.py now builds Conventional Commits messages — type inferred per row by counting keyword hits across feat/fix/refactor/docs/test/perf/build/ci/style rules with TYPE_PRIORITY tiebreak (refactor beats fix on equal hits, etc.); scope = phase-N.M; multi-row commits roll up under the highest-priority type. Smart guard: ❌ + 📝 emoji exit if uncommitted changes exist but no new phases.csv rows since HEAD. Cross-platform Python 3.8+ stdlib only. ✨ exits cleanly on a clean tree.",
2026-04-19T11:03:44+00:00,0,5,adapted,note,"Introduced xops/ tooling tree. Moved scripts/git_helper.py → xops/makefile/git_helper.py and decomposed all Makefile target bodies into 9 stdlib-only Python modules under xops/makefile/ (env, services, ai_commands, server_api, db, logs, tests, cleanup, status, git_helper) sharing _common.py (compose runner, pretty logger, dispatch helper). Each Make target is now a one-line dispatcher (@$(XOPS)/<module>.py <subcommand>); Make keeps the dependency graph, Python owns the work. db-migrate's bash for-loop and server-* curl pipelines are now real cross-platform Python (urllib + subprocess); compose binary is overridable via NEGELIR_COMPOSE env var. track-* and help intentionally remain inline (already thin Python wrappers / Makefile-native idiom). Created xops/README.md documenting layout + conventions + how to add new targets/areas. Updated AGENTS.md §1, §5, §7 to point at xops/ and forbid a generic top-level scripts/ folder.",
2026-04-19T15:31:05+00:00,0,5,adapted,adapt,Remediation audit: removed stale untracked p2p/ working tree (only __pycache__/.pytest_cache remained; not in git but failed test_p2p_module_removed). Fixed retired scripts/ paths in ROADMAP 1.4/2.4/2.5 + design/CONFIGURATION.md + design/MOCK_DATA_SERVER.md to xops/ per AGENTS.md sec.5. Added stale-tree precaution to ROADMAP 0.4 and follow-up audit note to 0.2.,"Phase 0 was reported complete but the on-disk p2p/ directory had been silently recreated by stray __pycache__/.pytest_cache artifacts, turning the test_p2p_module_removed gate red. Same audit also rewrote retired scripts/* references to xops/* across ROADMAP and 2 design docs."
2026-04-19T15:47:55+00:00,1,,in-progress,start,Phase 1 kickoff: centralized config + hardcode audit,
2026-04-19T15:59:36+00:00,1,1,completed,complete,Python config: NEGELIR_STRICT unknown-prefix rejection + URL-scheme validation; defaults.yaml drift treated as deferred follow-up,
2026-04-19T15:59:36+00:00,1,2,completed,complete,"Go server/internal/config: stdlib-only Config+Load+Validate, main.go refactored, image rebuilds clean",
2026-04-19T15:59:36+00:00,1,3,completed,complete,"Sync tests: Go TestEnvSync + #shared markers + Python+Go meta-tests (test_shared_env_keys_are_marked, TestSharedKeysAreMarked)",
2026-04-19T15:59:36+00:00,1,4,completed,complete,"xops/lint/no_magic.py + make lint; covers time.sleep(literal), localhost:port, requests.<m>(literal URL); fuzzy float-threshold rule deferred",
2026-04-19T15:59:36+00:00,1,,completed,complete,"Phase 1 DoD met: Python 360/360, Go 10/10, server image builds, no_magic clean. Two sub-checkboxes marked [~] (defaults.yaml regen + AST-based numeric lint) tracked as follow-ups.",
2026-04-19T16:11:46+00:00,1,1,in-progress,note,Audit follow-up: caught real defaults.yaml drift (12 missing keys); added test_defaults_yaml_mentions_every_documented_tunable; added bootstrap_min_matches positive-int validation; clarified _PYTHON_UNUSED_ENV_KEYS is documentation-only. 361/361 green.,
2026-04-19T16:37:21+00:00,1,1,completed,note,Second audit pass: caught 2 real defects — defaults.yaml line 139 had report_dir glued into model_dir's comment (broken YAML structure that the regex drift test mistook for valid); SCRAPE_USER_AGENT had drifted from .env.example (Xops/0.1) vs defaults.yaml (Negelir/0.1). Fixed both. Added test_defaults_yaml_is_valid_yaml using yaml.safe_load to catch structural rot a regex can't. 362 Python + 10 Go pass; lint clean. Phase 1 finalized.,
2026-04-19T16:45:08+00:00,1,1,completed,note,"Third (deep) audit pass: caught silent VALUE drift between code defaults and .env.example that all prior key-parity tests missed. Real fixes: (1) ai/common/config.py SCRAPE_USER_AGENT default 'Negelir/0.1' → 'Xops/0.1' (env had been externally re-branded); (2) SCRAPE_RATE_LIMIT_SECONDS default '5' → '2' (env winning, 3-way drift across code/yaml/env); (3) defaults.yaml rate_limit_seconds 5 → 2; (4) .env + .env.example NEGELIR_MACKOLIK_LEAGUE_FILTER 'Super Lig' → 'Süper Lig' (the latter is the actual website string per Turkish UX doctrine, code default was right). Added test_python_defaults_match_env_example with explicit _VALUE_DRIFT_ALLOWED escape-hatch (POSTGRES_HOST/REDIS_HOST/SERVER_URL/POSTGRES_PASSWORD/NEGELIR_STRICT documented host-vs-container exceptions). 363 Python + 10 Go pass.",
